<?xml version="1.0" encoding="UTF-8" standalone="no"?>
<project>
	<configuration id="net.sourceforge.usbdm.cdt.arm.windows.debug.configuration.472898765" name="OpenSDAv1">
		<extension point="org.eclipse.cdt.core.LanguageSettingsProvider">
			<provider copy-of="extension" id="org.eclipse.cdt.ui.UserLanguageSettingsProvider"/>
			<provider-reference id="org.eclipse.cdt.core.ReferencedProjectsLanguageSettingsProvider" ref="shared-provider"/>
			<provider-reference id="org.eclipse.cdt.managedbuilder.core.MBSLanguageSettingsProvider" ref="shared-provider"/>
			<provider-reference id="net.sourceforge.usbdm.cdt.wizard.CS_ARM_BuiltinSpecsDetector" ref="shared-provider"/>
		</extension>
	</configuration>
	<configuration id="net.sourceforge.usbdm.cdt.arm.windows.debug.configuration.472898765.115511992" name="OpenSDAv2_0">
		<extension point="org.eclipse.cdt.core.LanguageSettingsProvider">
			<provider copy-of="extension" id="org.eclipse.cdt.ui.UserLanguageSettingsProvider"/>
			<provider-reference id="org.eclipse.cdt.core.ReferencedProjectsLanguageSettingsProvider" ref="shared-provider"/>
			<provider-reference id="org.eclipse.cdt.managedbuilder.core.MBSLanguageSettingsProvider" ref="shared-provider"/>
			<provider-reference id="net.sourceforge.usbdm.cdt.wizard.CS_ARM_BuiltinSpecsDetector" ref="shared-provider"/>
		</extension>
	</configuration>
	<configuration id="net.sourceforge.usbdm.cdt.arm.windows.debug.configuration.472898765.1303012057" name="OpenSDAv1_Unique_ID">
		<extension point="org.eclipse.cdt.core.LanguageSettingsProvider">
			<provider copy-of="extension" id="org.eclipse.cdt.ui.UserLanguageSettingsProvider"/>
			<provider-reference id="org.eclipse.cdt.core.ReferencedProjectsLanguageSettingsProvider" ref="shared-provider"/>
			<provider-reference id="org.eclipse.cdt.managedbuilder.core.MBSLanguageSettingsProvider" ref="shared-provider"/>
			<provider-reference id="net.sourceforge.usbdm.cdt.wizard.CS_ARM_BuiltinSpecsDetector" ref="shared-provider"/>
		</extension>
	</configuration>
	<configuration id="net.sourceforge.usbdm.cdt.arm.windows.debug.configuration.472898765.115511992.1563576321" name="OpenSDAv2_0_Unique_ID">
		<extension point="org.eclipse.cdt.core.LanguageSettingsProvider">
			<provider copy-of="extension" id="org.eclipse.cdt.ui.UserLanguageSettingsProvider"/>
			<provider-reference id="org.eclipse.cdt.core.ReferencedProjectsLanguageSettingsProvider" ref="shared-provider"/>
			<provider-reference id="org.eclipse.cdt.managedbuilder.core.MBSLanguageSettingsProvider" ref="shared-provider"/>
			<provider-reference id="net.sourceforge.usbdm.cdt.wizard.CS_ARM_BuiltinSpecsDetector" ref="shared-provider"/>
		</extension>
	</configuration>
	<configuration id="net.sourceforge.usbdm.cdt.arm.windows.debug.configuration.472898765.262006593" name="Debug">
		<extension point="org.eclipse.cdt.core.LanguageSettingsProvider">
			<provider copy-of="extension" id="org.eclipse.cdt.ui.UserLanguageSettingsProvider"/>
			<provider-reference id="org.eclipse.cdt.core.ReferencedProjectsLanguageSettingsProvider" ref="shared-provider"/>
			<provider-reference id="org.eclipse.cdt.managedbuilder.core.MBSLanguageSettingsProvider" ref="shared-provider"/>
			<provider-reference id="net.sourceforge.usbdm.cdt.wizard.CS_ARM_BuiltinSpecsDetector" ref="shared-provider"/>
		</extension>
	</configuration>
	<configuration id="net.sourceforge.usbdm.cdt.arm.windows.debug.configuration.472898765.115511992.1419787998" name="OpenSDAv2_1">
		<extension point="org.eclipse.cdt.core.LanguageSettingsProvider">
			<provider copy-of="extension" id="org.eclipse.cdt.ui.UserLanguageSettingsProvider"/>
			<provider-reference id="org.eclipse.cdt.core.ReferencedProjectsLanguageSettingsProvider" ref="shared-provider"/>
			<provider-reference id="org.eclipse.cdt.managedbuilder.core.MBSLanguageSettingsProvider" ref="shared-provider"/>
			<provider-reference id="net.sourceforge.usbdm.cdt.wizard.CS_ARM_BuiltinSpecsDetector" ref="shared-provider"/>
		</extension>
	</configuration>
	<configuration id="net.sourceforge.usbdm.cdt.arm.windows.debug.configuration.472898765.115511992.1563576321.1649641685" name="OpenSDAv2_1_Unique_ID">
		<extension point="org.eclipse.cdt.core.LanguageSettingsProvider">
			<provider copy-of="extension" id="org.eclipse.cdt.ui.UserLanguageSettingsProvider"/>
			<provider-reference id="org.eclipse.cdt.core.ReferencedProjectsLanguageSettingsProvider" ref="shared-provider"/>
			<provider-reference id="org.eclipse.cdt.managedbuilder.core.MBSLanguageSettingsProvider" ref="shared-provider"/>
			<provider-reference id="net.sourceforge.usbdm.cdt.wizard.CS_ARM_BuiltinSpecsDetector" ref="shared-provider"/>
		</extension>
	</configuration>
</project>
